RCA_method_with_base_model,Coolant_MAP@3,Hydraulics_MAP@3,Probe_MAP@3
PC,0.8666666666666666,0.4796747967479674,0.36764705882352944
FCI,0.8666666666666666,0.4796747967479674,0.36764705882352944
FGES,0.5455555555555555,0.3563685636856368,0.19117647058823528
PCMCI,0.5588888888888889,0.37466124661246614,0.20588235294117646
TRUE-GRAPH,1.0,0.7439024390243902,0.5833333333333334
